FundID,ShortName,
de4636b9-0889-e811-80f5-000d3a16be52,Jus BLC II Fund A,
074e62a3-0a89-e811-80f5-000d3a16be52,Acorn IV,
ff34c423-1694-e811-80f8-000d3a16be52,GRAS2019,
ee09e9f4-1794-e811-80f8-000d3a16be52,GPES2019,
e4f9ceb8-449b-e811-80f8-000d3a16be52,TCP Impact,
85b7b1be-459b-e811-80f8-000d3a16be52,Condire,
fd9fa7f9-c9a7-e811-80fa-000d3a1bf00a,X Capital,
ce39e535-f4b1-e811-80fa-000d3a1bf00a,Ishana,
941f99e3-e8c7-e811-80fa-000d3a1bf00a,Deep Basin,
9c2259f6-e9c7-e811-80fa-000d3a1bf00a,ECP English,
cdcd91ac-60d1-e811-80fa-000d3a1bf00a,Gaorong IV,
ace9afeb-61d1-e811-80fa-000d3a1bf00a,Onyxpoint III,
aedebc61-dfe9-e811-80fb-000d3a1bf00a,Morningside Evolution,
1e8850fe-ceed-e811-80fe-000d3a1bf00a,Kinderhook VI,
7bec8c91-d0ed-e811-80fe-000d3a1bf00a,Bayswater Fund IVA,
055e85fb-a6f8-e811-80fe-000d3a1bf00a,China Venture III,
f86c230c-a1f9-e811-80fe-000d3a1bf00a,Eureka IV,
a29390f3-9afc-e811-80fe-000d3a1bf00a,Orasis,
8e370065-80fd-e811-80fe-000d3a1bf00a,JC BLC Energy,
176fb257-81fd-e811-80fe-000d3a1bf00a,Shunwei IV,
b02a84e5-82fd-e811-80fe-000d3a1bf00a,GPES 19 Cash,
bf7999cf-89fd-e811-80fe-000d3a1bf00a,Zetland I,
38dc398b-8bfd-e811-80fe-000d3a1bf00a,Cresta Energy I,
c0bb082d-d60e-e911-8105-000d3a1c025b,TX Capital,
c56c9e9b-451b-e911-8106-000d3a1c025b,Valor M33,
391632a4-5740-e911-8106-000d3a1c025b,ARA Priority Power,
8053fd8e-1444-e911-8106-000d3a1c025b,Gotham Tax Managed (OG),
578d1172-384b-e911-8106-000d3a1c025b,XVC Fund II,
229168b8-b654-e911-8106-000d3a1c025b,Alta Park,
8287ab35-705c-e911-8106-000d3a1c025b,Fourth Sail LO,
186c9813-f265-e911-8109-000d3a1c025b,TF Capital III,
45b59de4-7672-e911-8109-000d3a1c025b,Broadfield,
52d9b393-7972-e911-8109-000d3a1c025b,CWC SPV,
58e2d20e-3a77-e911-8109-000d3a1c025b,Charlesbank Tech,
53280569-4677-e911-8109-000d3a1c025b,Jalog,
b992c5bf-568c-e911-8109-000d3a1c025b,AH LSV Fund I,
00fc03e7-638c-e911-8109-000d3a1c025b,Hull Street I,
097886aa-1d99-e911-8109-000d3a1c025b,Bienville Global (old),
dd8aa03b-87a9-e911-9b7d-000d3a541639,Wexwood,
b0aa37e0-7fad-e911-9b7e-000d3a541639,MFund II,
59f2de29-80ad-e911-9b7e-000d3a541639,Breck I,
2bf58e09-eeae-e911-9b7e-000d3a541639,Orasis Greek,
b38ce915-afbe-e911-9b81-000d3a541639,DCVC V,
4ab7e644-ccbe-e911-9b81-000d3a541639,GPES2020,
1f67730b-cdbe-e911-9b81-000d3a541639,GRAS2020,
0c049fd1-7dd9-e911-9b82-000d3a541639,Cotton Creek III,
e03f054d-10e9-e911-9b83-000d3a541639,Ishana LO,
12ef82db-44ec-e911-9b83-000d3a541639,Activant III,
7ef5f789-45ec-e911-9b83-000d3a541639,YC ES20,
a484f8d7-48ec-e911-9b83-000d3a541639,Founders VII,
02e8f4a4-05f5-e911-9b84-000d3a541639,msouthIV,
f1bdda5b-c7f5-e911-9b84-000d3a541639,i-Qu China,
9340a608-7cf6-e911-9b84-000d3a541639,AH Bio Fund III,
7497d7ca-1bfb-e911-9b84-000d3a541639,Acrew Capital,
e1a47a00-4702-ea11-9b84-000d3a541639,Stamina,
b62d1fe4-180a-ea11-9b86-000d3a541639,CB Nike Topco,
2d8c232e-190a-ea11-9b86-000d3a541639,Periscope Co-Invest,
c37a8c67-190a-ea11-9b86-000d3a541639,Hahn III-S,
3236621e-7a10-ea11-9b86-000d3a541639,Founders Growth,
cd01a1c7-4318-ea11-9b87-000d3a541639,Edenbrook,
42723ccf-4418-ea11-9b87-000d3a541639,Browning West,
31cf0964-4618-ea11-9b87-000d3a541639,Schwab Govt MMF,
7cd70ce6-3520-ea11-9b87-000d3a541639,harvestaltnb,
ecb42804-3720-ea11-9b87-000d3a541639,EMR Fund III,
acb22a1a-e720-ea11-9b87-000d3a541639,Miracle Plus I,
a02eb74c-ea20-ea11-9b87-000d3a541639,Lux Co-Invest Opp Fund,
c060619a-a022-ea11-9b87-000d3a541639,Zhen VI,
3772fa7c-a222-ea11-9b87-000d3a541639,Brentview,
526bd581-0a2c-ea11-9b87-000d3a541639,Bienville Global,
ccf2f605-942d-ea11-9b87-000d3a541639,Avant Royalties II,
53f8588d-5a36-ea11-9b87-000d3a541639,Xingtai,
3ef886ee-f84c-ea11-9b8a-000d3a541639,Willing,
9dfae7d6-1e54-ea11-9b8a-000d3a541639,TGAM Agribusiness Fund LP,
a152e4d3-0b58-ea11-9b8a-000d3a541639,TGAM Agribusiness Fund,
695316e7-0b58-ea11-9b8a-000d3a541639,Alkeon Innovation Fund,
c5d2c1f2-0b58-ea11-9b8a-000d3a541639,Valor Ventures Fund II,
11a3bd07-0c58-ea11-9b8a-000d3a541639,Stargen VI,
13a3bd07-0c58-ea11-9b8a-000d3a541639,Stargen V,
78980239-0c58-ea11-9b8a-000d3a541639,AG Net Lease Realty Fnd III LP,
eace8346-0c58-ea11-9b8a-000d3a541639,ArcLight Energy Partners V,
4a050458-0c58-ea11-9b8a-000d3a541639,Square 1 Venture 1,
6b1264ae-0c58-ea11-9b8a-000d3a541639,Precision Capital Fund IV,
27633bb9-0c58-ea11-9b8a-000d3a541639,Shorenstein Investors IX,
1bfeb6d2-0c58-ea11-9b8a-000d3a541639,Johnston Intl Equity Fund II,
73acb80c-0d58-ea11-9b8a-000d3a541639,Mercer Investor Series I,
6af28723-0d58-ea11-9b8a-000d3a541639,BP Natural Gas Opp Partners,
91016e7c-0d58-ea11-9b8a-000d3a541639,Atlas Point Energy Fund,
69e7f985-0d58-ea11-9b8a-000d3a541639,Westminster CCRC Investors II,
6be7f985-0d58-ea11-9b8a-000d3a541639,AG Capital Recovery Prtners VI,
09b616a1-0d58-ea11-9b8a-000d3a541639,Consonance Capital Partners,
69b5baa7-0d58-ea11-9b8a-000d3a541639,Golub Capital Partners 10,
d4f232ce-0d58-ea11-9b8a-000d3a541639,OakTree Private Fund 2010,
d6f232ce-0d58-ea11-9b8a-000d3a541639,Highstar Capital III,
48ae54de-0d58-ea11-9b8a-000d3a541639,MLG Private Equity Fund II,
5c119600-0e58-ea11-9b8a-000d3a541639,Northwoods RE Series I,
c1a78518-0e58-ea11-9b8a-000d3a541639,Quintana Energy Partners II,
7cc95f43-0e58-ea11-9b8a-000d3a541639,Sculptor Real Estate Fund II,
f30fb04c-0e58-ea11-9b8a-000d3a541639,Waud Capital Partners III,
74d99681-0e58-ea11-9b8a-000d3a541639,OakTree Private Fund 2012,
982b5b94-0e58-ea11-9b8a-000d3a541639,Northwoods RE Series V Europe,
70d0eca4-0e58-ea11-9b8a-000d3a541639,Highstar Capital III Alt,
3161eec0-0e58-ea11-9b8a-000d3a541639,Oaktree Ports America Fund,
b62255c9-0e58-ea11-9b8a-000d3a541639,Kayne Anderson MLP Fund,
c5d7accf-0e58-ea11-9b8a-000d3a541639,Stark Investments - Holdback,
eee12fee-0e58-ea11-9b8a-000d3a541639,RoundTable Healthcare III,
589e10fc-0e58-ea11-9b8a-000d3a541639,TMP Associates,
5a9e10fc-0e58-ea11-9b8a-000d3a541639,Vistria Fund,
e10e8e10-0f58-ea11-9b8a-000d3a541639,ASP Venture/Growth Partners VI,
3e2be816-0f58-ea11-9b8a-000d3a541639,ASP Partners 2016,
402be816-0f58-ea11-9b8a-000d3a541639,ASP Partners GL Sec Fund 5,
25af5220-0f58-ea11-9b8a-000d3a541639,ASP Partners 2008,
3eaf5220-0f58-ea11-9b8a-000d3a541639,ASP Partners 2010,
5b252e29-0f58-ea11-9b8a-000d3a541639,ASP Partners 2013,
38a1ec37-0f58-ea11-9b8a-000d3a541639,ASP Partners Venture Fund,
3aa1ec37-0f58-ea11-9b8a-000d3a541639,ASP Partners 2011,
3e897940-0f58-ea11-9b8a-000d3a541639,ASP Co-Investment II,
aa55985e-0f58-ea11-9b8a-000d3a541639,Agent Capital Fund I,
8320e180-0f58-ea11-9b8a-000d3a541639,ASP Partners 2006,
8520e180-0f58-ea11-9b8a-000d3a541639,ASP Partners 2007,
92e89696-0f58-ea11-9b8a-000d3a541639,ASP Partners 2002,
94e89696-0f58-ea11-9b8a-000d3a541639,ASP Partners 2004,
e79076a0-0f58-ea11-9b8a-000d3a541639,ASP Partners 2003,
e99076a0-0f58-ea11-9b8a-000d3a541639,ASP Partners 2005,
192d25ab-0f58-ea11-9b8a-000d3a541639,GTCR II,
1b2d25ab-0f58-ea11-9b8a-000d3a541639,GTCR III,
0afc8ed8-0f58-ea11-9b8a-000d3a541639,RoundTable Healthcare II,
f3e92608-1058-ea11-9b8a-000d3a541639,RoundTable Healthcare I,
f5e92608-1058-ea11-9b8a-000d3a541639,TMP Associates II,
6954ad1d-1058-ea11-9b8a-000d3a541639,RoundTable Healthcare IV,
6b54ad1d-1058-ea11-9b8a-000d3a541639,Trident Capital Fd V,
e06f0e27-1058-ea11-9b8a-000d3a541639,LIC II,
e26f0e27-1058-ea11-9b8a-000d3a541639,Westminster Fund VI,
dc7ca130-1058-ea11-9b8a-000d3a541639,Westminster Fund VII,
de7ca130-1058-ea11-9b8a-000d3a541639,Wm Blair Cap Ptnrs VII,
93d0383b-1058-ea11-9b8a-000d3a541639,Westminster CCRC Fund,
95d0383b-1058-ea11-9b8a-000d3a541639,Sitex Fund VII,
e7d44341-1058-ea11-9b8a-000d3a541639,Sitex Fund VIII,
534b465c-1058-ea11-9b8a-000d3a541639,Middle East North Africa Fund,
f612c670-1058-ea11-9b8a-000d3a541639,New Century XI,
89e61192-1058-ea11-9b8a-000d3a541639,NCH Condor,
ab1eb198-1058-ea11-9b8a-000d3a541639,Axon Partners,
9cc535a5-1058-ea11-9b8a-000d3a541639,Blackstone RE Partners IV,
0799adb2-1058-ea11-9b8a-000d3a541639,Blackstone Comm Partners I,
86d959c0-1058-ea11-9b8a-000d3a541639,Blackstone Opportunity Fund I,
9a4782cb-1058-ea11-9b8a-000d3a541639,Blackstone Capital IV,
2d9a7ad1-1058-ea11-9b8a-000d3a541639,Blackstone Capital Partners V,
1b55fadd-1058-ea11-9b8a-000d3a541639,Blackstone RE Partners V,
c9fce7e7-1058-ea11-9b8a-000d3a541639,Blackstone RE Partners VI,
d957d1fe-1058-ea11-9b8a-000d3a541639,Blackstone Securities Fund,
39e4da09-1158-ea11-9b8a-000d3a541639,Blackstone Partners V-S,
5924681f-1158-ea11-9b8a-000d3a541639,Blackstone Partners V Co-Inv,
2bbb4234-1158-ea11-9b8a-000d3a541639,AG Recovery Partners VIII,
51c0ae3e-1158-ea11-9b8a-000d3a541639,AG Direct Lending Fund II,
53c0ae3e-1158-ea11-9b8a-000d3a541639,AG Direct Lending Fund,
a1b78b48-1158-ea11-9b8a-000d3a541639,AG Energy Partners,
81a41656-1158-ea11-9b8a-000d3a541639,AG Energy Partners II,
2c29696a-1158-ea11-9b8a-000d3a541639,AG Net Lease Realty Fund III,
727fe676-1158-ea11-9b8a-000d3a541639,AG Direct Lending Fund III,
747fe676-1158-ea11-9b8a-000d3a541639,Kayne Anderson MLP Fund,
7ceeb3a2-1158-ea11-9b8a-000d3a541639,Kayne Anderson Mezzanine,
c9d2f9b7-1158-ea11-9b8a-000d3a541639,Kayne Anderson RE III,
9613d5c3-1158-ea11-9b8a-000d3a541639,Kayne Anderson RE II,
4744cccd-1158-ea11-9b8a-000d3a541639,Kayne Anderson Core RE,
d96b36f1-1a58-ea11-9b8a-000d3a541639,GPES 20 Cash,
d93b10ad-ad58-ea11-9b8a-000d3a541639,Intrinsic Plus 9001,
5113f6bf-ad58-ea11-9b8a-000d3a541639,Reserve Capital Partners IV,
3fbc8ccd-ad58-ea11-9b8a-000d3a541639,Reserve Capital Partners VI,
27b110e0-ad58-ea11-9b8a-000d3a541639,Siguler Guff Opps III,
29b110e0-ad58-ea11-9b8a-000d3a541639,T2 Strategic Real Estate Fund,
d719e3ed-ad58-ea11-9b8a-000d3a541639,Method One,
4b47fffb-ad58-ea11-9b8a-000d3a541639,Carrick Capital Associates,
65ebfd38-ae58-ea11-9b8a-000d3a541639,Carrick Capital Associates II,
c447f250-ae58-ea11-9b8a-000d3a541639,Carrick Capital Associates III,
b1cac864-ae58-ea11-9b8a-000d3a541639,Parkman HP Onshore Fund,
d2cac864-ae58-ea11-9b8a-000d3a541639,Lion Rock Capital,
b10e576e-ae58-ea11-9b8a-000d3a541639,Macellum SPV III,
330abb79-ae58-ea11-9b8a-000d3a541639,THLI  Coinvestment Prtnrs,
350abb79-ae58-ea11-9b8a-000d3a541639,Staley Capital Fund II,
a284e285-ae58-ea11-9b8a-000d3a541639,Sun Capital Partners VII,
0ed65f92-ae58-ea11-9b8a-000d3a541639,Tullis Growth Fund,
b223e55a-af58-ea11-9b8a-000d3a541639,Aurora Associates V,
b8c22d6a-af58-ea11-9b8a-000d3a541639,Soleus Capital Fund,
20675974-af58-ea11-9b8a-000d3a541639,RA Capital Healthcare,
f1bbd680-af58-ea11-9b8a-000d3a541639,RCP Fund,
a972ef92-af58-ea11-9b8a-000d3a541639,McNally Capital Fund II,
3301a4c1-b058-ea11-9b8a-000d3a541639,Builders VC Fund I,
34c8abd6-b058-ea11-9b8a-000d3a541639,RCP Fund II,
793978e8-b058-ea11-9b8a-000d3a541639,Virgo Societas Partnership III,
af8ffff9-b058-ea11-9b8a-000d3a541639,Next Gen Growth Partners,
47b78b00-b158-ea11-9b8a-000d3a541639,Chicago Ventures,
49b78b00-b158-ea11-9b8a-000d3a541639,VestedWorld Fund II,
b4120e0a-b158-ea11-9b8a-000d3a541639,Franklin 3310 Holdings,
61516f10-b158-ea11-9b8a-000d3a541639,Sway Ventures Fund II,
63516f10-b158-ea11-9b8a-000d3a541639,Enlightened Hospitality,
828a6e19-b158-ea11-9b8a-000d3a541639,M3 Ventures II,
848a6e19-b158-ea11-9b8a-000d3a541639,MVC Private Equity Fund,
1d07b223-b158-ea11-9b8a-000d3a541639,Valor Siren Ventures I,
1f07b223-b158-ea11-9b8a-000d3a541639,KD Capital 2015,
8491f22b-b158-ea11-9b8a-000d3a541639,P2 Capital Master XIII,
ce4f2648-b158-ea11-9b8a-000d3a541639,Kayne Anderson Income Partners,
4c74195c-b158-ea11-9b8a-000d3a541639,2x Consumers Product Fund II,
bee13f64-b158-ea11-9b8a-000d3a541639,Centerbridge Capital Partners,
c0e13f64-b158-ea11-9b8a-000d3a541639,Perella ABV Opportunity Fund,
7f9f9b86-b158-ea11-9b8a-000d3a541639,CVE-Kauffman,
c4cfa4ea-b958-ea11-9b8a-000d3a541639,Vogen Funding,
2f9f29f4-b958-ea11-9b8a-000d3a541639,Map 2003,
3ae7fe03-ba58-ea11-9b8a-000d3a541639,Map 2004,
d069460f-ba58-ea11-9b8a-000d3a541639,AG Securitized Recovery Fund,
d269460f-ba58-ea11-9b8a-000d3a541639,Laramar Multi-Family Fund,
6aa29319-ba58-ea11-9b8a-000d3a541639,Walton St RE Fd III,
19c75d20-ba58-ea11-9b8a-000d3a541639,Ithan Creek,
440b4628-ba58-ea11-9b8a-000d3a541639,Promus Realty II,
94718f2e-ba58-ea11-9b8a-000d3a541639,Promus Access III,
5d94fb40-ba58-ea11-9b8a-000d3a541639,Creation Investments Fund IV,
b146f54a-ba58-ea11-9b8a-000d3a541639,ADI Investment Holdings,
ae9ad761-ba58-ea11-9b8a-000d3a541639,TarryTown Co-Investment,
bf264b71-ba58-ea11-9b8a-000d3a541639,Blue Spruce Fund,
c1264b71-ba58-ea11-9b8a-000d3a541639,Sun Capital Partners V,
7392a07f-ba58-ea11-9b8a-000d3a541639,Staley Capital Fund I,
0042a6ad-9b72-ea11-9b8e-000d3a541639,SREOF III Co-Invest II,
c7fd0b88-9585-ea11-9b8e-000d3a541639,Caffeinated Cap Airtable SPV,
6da58b8b-9885-ea11-9b8e-000d3a541639,Caffeinated Cap Opp Fund II,
c0c40c66-5686-ea11-9b8e-000d3a541639,Elliott Class C,
ea00663a-7c89-ea11-9b90-000d3a541639,GPUSA2020,
f31bf6f5-3f99-ea11-9b92-000d3a541639,XVC SSF II,
ed29f5ef-4ec5-ea11-9b96-000d3a541639,Tekne,
d6d1e37a-6fe1-ea11-9ba8-000d3a541639,Marcho,
d00a3afa-72e1-ea11-9ba8-000d3a541639,GPES 2122 Cash,
74bf3a1f-73e1-ea11-9ba8-000d3a541639,GPES2122,
6a28e301-74e1-ea11-9ba8-000d3a541639,GRAS2122,
c6a14480-75e1-ea11-9ba8-000d3a541639,GRAS 2122 Cash,
dc7f6a49-49e6-ea11-9ba8-000d3a541639,AH VII,
340ef122-0d13-eb11-9bab-000d3a541639,Periscope Equity II,
47095e2d-0e13-eb11-9bab-000d3a541639,Future Cap Discovery Fund IV,
9dce7ced-0e13-eb11-9bab-000d3a541639,Initialized V,
4cc8b41e-bc13-eb11-9bab-000d3a541639,Caffeinated Capital Scout III,
bed924b3-ca13-eb11-9bab-000d3a541639,Erebor,
81447fbf-f113-eb11-9bab-000d3a541639,YCC20,
e458b201-f613-eb11-9bab-000d3a541639,Silver Teal,
c5c34693-8114-eb11-9bab-000d3a541639,Renovo III,
47fa7689-7818-eb11-9bae-000d3a541639,FCGF,
3afb01d3-3640-e011-81e9-0019b9e7ee05,Tiger PIP VI,
5196f166-5240-e011-81e9-0019b9e7ee05,CaptodayII,
aaea7985-5340-e011-81e9-0019b9e7ee05,LSI II,
2a955b97-5340-e011-81e9-0019b9e7ee05,LaSalle YRC Trucking,
e7143475-4ce6-e111-86fe-0019b9e7ee05,fti,
5dcbbbdc-53e6-e111-86fe-0019b9e7ee05,fmc,
b8402b64-2fed-e111-86fe-0019b9e7ee05,DJ UBS Commodity Idx,
53bee12c-e07b-e411-8947-0019b9e7ee05,Broadfin,
69730d1a-4186-e411-8947-0019b9e7ee05,RockbridgeVI,
6e542b18-499c-e411-8947-0019b9e7ee05,EMR,
ba937fdf-69c1-e211-8a81-0019b9e7ee05,greymount,
dbbfcdb0-340c-e411-8e00-0019b9e7ee05,TEST,
4b51244b-260d-e411-8e00-0019b9e7ee05,MornTopup,
774c6750-f49d-e111-91c9-0019b9e7ee05,HonyV,
cc14fbb5-7e93-e011-95a1-0019b9e7ee05,GPES1112,
5fc5ab73-8193-e011-95a1-0019b9e7ee05,GRAS1112,
f1e91d96-f465-e411-99ba-0019b9e7ee05,Fourth Sail,
0ac5892c-e3fc-e111-9a89-0019b9e7ee05,GPES2013,
3a0b17f7-e4fc-e111-9a89-0019b9e7ee05,GRAS2013,
659aa417-6418-e211-9e6f-0019b9e7ee05,GEM Realty Fund V,
45e86591-29d1-e111-a4d8-0019b9e7ee05,OCM Asia,
c649429f-29d1-e111-a4d8-0019b9e7ee05,OCM High Yield,
488337ad-29d1-e111-a4d8-0019b9e7ee05,OCM Mezz,
ed1e27b9-29d1-e111-a4d8-0019b9e7ee05,OCM Opp II,
d9d576c1-29d1-e111-a4d8-0019b9e7ee05,OCM Opp III,
63d89ecb-29d1-e111-a4d8-0019b9e7ee05,OCM Opp IV,
787076f8-d7d1-e111-a4d8-0019b9e7ee05,Pearlmark,
e1571e75-e2d1-e111-a4d8-0019b9e7ee05,THL Credit Loan Opp Fund,
b9a168d9-e4d1-e111-a4d8-0019b9e7ee05,THL Credit Loan Opp Fd - CL D,
eacd8201-e5d1-e111-a4d8-0019b9e7ee05,Redbrick II,
6767501c-e5d1-e111-a4d8-0019b9e7ee05,Redbrick III,
88f4a97a-20dc-e111-a4d8-0019b9e7ee05,GSAM SPH,
27573470-b5dc-e111-a4d8-0019b9e7ee05,Gotham Series,
38a78873-05e0-e111-a4d8-0019b9e7ee05,Carlls Corner,
ba735889-05e0-e111-a4d8-0019b9e7ee05,Samsondale,
30026b9f-05e0-e111-a4d8-0019b9e7ee05,Paragon,
11ae2db1-05e0-e111-a4d8-0019b9e7ee05,ShopCity,
89f2a4c1-05e0-e111-a4d8-0019b9e7ee05,Southampton,
6f87b1d3-05e0-e111-a4d8-0019b9e7ee05,Timpany,
e23d41e6-05e0-e111-a4d8-0019b9e7ee05,Wesport IV,
d06748e1-4501-e011-a612-0019b9e7ee05,GCDS,
9516756b-ac33-e411-a6db-0019b9e7ee05,GPES2015,
cad8e27c-ad33-e411-a6db-0019b9e7ee05,GRAS2015,
08b1420f-ae45-e411-a6db-0019b9e7ee05,HastingsIII,
2ffcdab9-a07a-e111-a7df-0019b9e7ee05,RRJ Fund,
8fb453be-a47a-e111-a7df-0019b9e7ee05,CDH Fund IV,
95729f1e-fb6e-e211-aa29-0019b9e7ee05,huron,
5dbc8d97-83b9-e111-ad83-0019b9e7ee05,Aslan II,
1a43654f-84b9-e111-ad83-0019b9e7ee05,Aslan III,
f4099195-afcb-e111-ad83-0019b9e7ee05,Garnet,
4c42e4e1-01cd-e111-ad83-0019b9e7ee05,HKW Cap Partners A,
bcd82370-02cd-e111-ad83-0019b9e7ee05,HKW Supplemental,
503366da-7ccf-e111-ad83-0019b9e7ee05,LSI I,
dccf5b98-97cf-e111-ad83-0019b9e7ee05,Madison Capital IV,
11553ba7-97cf-e111-ad83-0019b9e7ee05,Madison Capital V,
bbd41db0-97cf-e111-ad83-0019b9e7ee05,Madison Cap VI,
91f01cb9-97cf-e111-ad83-0019b9e7ee05,Madison Spec III,
77be9dd6-330a-e111-b3cd-0019b9e7ee05,Gemini I,
d6c392dd-330a-e111-b3cd-0019b9e7ee05,GEM Investors I,
2927a7ae-400a-e111-b3cd-0019b9e7ee05,DHS,
5acb86b6-2015-e111-b3cd-0019b9e7ee05,SQ Series,
c897e38b-a85a-e211-b971-0019b9e7ee05,Natural Resources,
498cc469-1bd6-df11-ba77-0019b9e7ee05,Alden Gl Val Rec,
951f1845-1cd6-df11-ba77-0019b9e7ee05,Alden Gl Dis Opp,
53a7f0f2-f478-e011-bbd1-0019b9e7ee05,Tiger PIP VII,
8ab49445-b1ed-df11-bca6-0019b9e7ee05,GIS,
bd5f9649-d914-e311-bdd3-0019b9e7ee05,GRAS2014,
29f9ab11-db14-e311-bdd3-0019b9e7ee05,GPES2014,
40ae4ddb-2582-e311-bdd3-0019b9e7ee05,lspower3,
1b50acdc-2782-e311-bdd3-0019b9e7ee05,atlas2,
c7c74087-2882-e311-bdd3-0019b9e7ee05,trilantic5,
45b6bd80-468f-e311-bdd3-0019b9e7ee05,GEMS,
460d38a7-ca9c-e311-bdd3-0019b9e7ee05,Appian,
6866ddb9-cd9c-e311-bdd3-0019b9e7ee05,banyan,
41385665-4fad-e311-bdd3-0019b9e7ee05,founders5,
f9df02e6-5bad-e311-bdd3-0019b9e7ee05,TDR III,
3001b438-5dad-e311-bdd3-0019b9e7ee05,morningside3,
4871bc64-5ead-e311-bdd3-0019b9e7ee05,eureka3,
6a96f279-edd8-e211-be7b-0019b9e7ee05,Yorktown X,
dd4a5d51-7115-de11-8391-001d09665e8f,Tiger PIP IV,
e04a5d51-7115-de11-8391-001d09665e8f,JBG Fund V,
e14a5d51-7115-de11-8391-001d09665e8f,JBG VI,
e34a5d51-7115-de11-8391-001d09665e8f,JBG Urban,
e64a5d51-7115-de11-8391-001d09665e8f,Captoday,
eb4a5d51-7115-de11-8391-001d09665e8f,Velsor Beltway,
f34a5d51-7115-de11-8391-001d09665e8f,Ruby Jones,
f54a5d51-7115-de11-8391-001d09665e8f,Japan Logistics Fund,
f74a5d51-7115-de11-8391-001d09665e8f,FLOP,
f94a5d51-7115-de11-8391-001d09665e8f,Japan Logistics Fund II,
fa4a5d51-7115-de11-8391-001d09665e8f,GEM Realty Fund III,
fb4a5d51-7115-de11-8391-001d09665e8f,IFC Seoul,
fc4a5d51-7115-de11-8391-001d09665e8f,gembonnet,
0d4b5d51-7115-de11-8391-001d09665e8f,Silchester,
154b5d51-7115-de11-8391-001d09665e8f,Valor Fund I,
1d4b5d51-7115-de11-8391-001d09665e8f,Tiger PIP V,
204b5d51-7115-de11-8391-001d09665e8f,Crestview II,
254b5d51-7115-de11-8391-001d09665e8f,Newbury I,
294b5d51-7115-de11-8391-001d09665e8f,AACP II,
2f4b5d51-7115-de11-8391-001d09665e8f,GEM Realty Fund IV,
344b5d51-7115-de11-8391-001d09665e8f,4 Garages,
6050b0d7-7615-de11-8391-001d09665e8f,GBCP,
c690d9e9-7615-de11-8391-001d09665e8f,GFM QP,
f2806af8-7615-de11-8391-001d09665e8f,GFM LP,
0fa87014-7715-de11-8391-001d09665e8f,LVHSO,
de35ff22-7715-de11-8391-001d09665e8f,GHS LP,
30e70d30-7715-de11-8391-001d09665e8f,LVHS,
6f89ac3c-7715-de11-8391-001d09665e8f,GHV II,
5c624f4f-7715-de11-8391-001d09665e8f,GHV,
fdfe3160-7715-de11-8391-001d09665e8f,GPEF I,
0374806b-7715-de11-8391-001d09665e8f,GPEF II,
bc5ab27e-7715-de11-8391-001d09665e8f,GREP I,
93186f8c-7715-de11-8391-001d09665e8f,GREP II,
c0cee59a-7715-de11-8391-001d09665e8f,GREP III,
deeae5aa-7715-de11-8391-001d09665e8f,GSAM II,
96f40ab7-7715-de11-8391-001d09665e8f,GDM,
15de6a3e-c5f4-de11-99d1-001d09665e8f,CHOPS,
cb754751-be0a-df11-a7aa-001d09665e8f,RoundTable,
9c6303a1-be0a-df11-a7aa-001d09665e8f,RoundTable II,
6cbea4d5-c00a-df11-a7aa-001d09665e8f,Jensen Group I,
6c77d8a9-c10a-df11-a7aa-001d09665e8f,Trident IV,
aa6197cd-c10a-df11-a7aa-001d09665e8f,Trident V,
311f9acf-2a0c-df11-a7aa-001d09665e8f,Oak Partners VII,
df8fdaea-2a0c-df11-a7aa-001d09665e8f,Oak Partners VIII,
cc22a91a-2b0c-df11-a7aa-001d09665e8f,Oak Partners VI,
9cdb7034-2b0c-df11-a7aa-001d09665e8f,Oak Partners V,
ca1b804e-2b0c-df11-a7aa-001d09665e8f,Oak Partners IX,
449eef2a-3d0f-df11-a7aa-001d09665e8f,Gemini III,
10e6066f-3f0f-df11-a7aa-001d09665e8f,SREF,
ddc2956b-400f-df11-a7aa-001d09665e8f,DPEF,
150f18c9-400f-df11-a7aa-001d09665e8f,Valor Fund II,
f69f62c2-4c0f-df11-a7aa-001d09665e8f,Newbury II,
ce038320-500f-df11-a7aa-001d09665e8f,Gemini II,
4ed7516e-cc15-df11-a7aa-001d09665e8f,APCA,
84dca7ea-7e39-de11-a9d5-001d09665e8f,testing ignore pleas,
63978a30-263a-de11-a9d5-001d09665e8f,testing 1,
5a6a7cda-313a-de11-a9d5-001d09665e8f,test 2,
d44b03ea-7966-de11-af90-001d09665e8f,GGES,
5ccbae5e-d327-df11-b686-001d09665e8f,CDH V,
a28743e1-0f38-df11-b686-001d09665e8f,GOGS,
4adc3bc8-1793-e711-80c1-005056a04cd7,GRAS2018,
1112c580-1a93-e711-80c1-005056a04cd7,GPES2018,
4d253500-429e-e711-80c1-005056a04cd7,GPES 18 Cash,
de86b4eb-82b2-e711-80c4-005056a04cd7,SRE Opp Fund III,
fbb1b303-fbbf-e711-80c7-005056a04cd7,YC II,
9aee674b-fbbf-e711-80c7-005056a04cd7,YC III,
3e673fb2-75c9-e711-80ca-005056a04cd7,GPUSA2018,
68d0ffe0-43ce-e711-80ca-005056a04cd7,Atlas III,
83c8a649-44ce-e711-80ca-005056a04cd7,New State II,
d4c19272-44ce-e711-80ca-005056a04cd7,Beekman IV-A,
7c07a444-c1da-e711-80d0-005056a04cd7,Northlander,
55696a32-c2da-e711-80d0-005056a04cd7,Sandglass,
0d20f5a4-c8e1-e711-80d1-005056a04cd7,OnyxPoint,
beae538d-e002-e811-80d7-005056a04cd7,GPUSA2018 Cash,
d2340f7a-0110-e811-80d8-005056a04cd7,Bienville Global,
7616020f-0510-e811-80d8-005056a04cd7,Rohdea,
1baf333e-dc10-e811-80d8-005056a04cd7,Zhen V,
295655b7-9a20-e811-80e2-005056a04cd7,EMR Co-Invest III,
37820417-5221-e811-80e2-005056a04cd7,L&B Onshore Fund LP,
7e70ba52-1722-e811-80e2-005056a04cd7,Decheng III,
1085b473-1526-e811-80e2-005056a04cd7,Morningside PBC,
fd6d2708-1826-e811-80e2-005056a04cd7,Anchorage III,
2451e04b-2226-e811-80e2-005056a04cd7,Quinn,
0378b7e8-763e-e811-80e8-005056a04cd7,Brilliance,
0b42e285-574d-e811-80eb-005056a04cd7,Bienville Saudi,
121c9b39-556e-e811-80ee-005056a04cd7,Eisler,
0ae674f8-566e-e811-80ee-005056a04cd7,Gotham Tax Managed (Low Vol),
edc77c50-3b76-e811-80f1-005056a04cd7,AH Bio Fund II,
948cab8d-04b7-e411-9409-005056a0567e,ValarII,
5dffb706-c8e9-e411-940d-005056a0567e,morningsideIV,
e0b6b4f2-a9ee-e411-940d-005056a0567e,China Venture,
4d352be1-b8f8-e411-940d-005056a0567e,GPES2016,
bf32df8f-9005-e511-940e-005056a0567e,GRAS2016,
9aefc223-494b-e511-9413-005056a0567e,HSI REF V,
43ac7b93-6556-e511-9414-005056a0567e,Tourbillon,
1702de0e-7c60-e511-9417-005056a0567e,GESLP,
f4eb7c49-0774-e511-9418-005056a0567e,GEM Realty Fund VI,
42eb378d-6c76-e511-9418-005056a0567e,GDGS,
a5e38496-3278-e511-9418-005056a0567e,ycombinator,
49869623-8d79-e511-9418-005056a0567e,banyanII,
5f507984-9179-e511-9418-005056a0567e,shunweiIII,
bf3927e0-b779-e511-9418-005056a0567e,msouthIII,
50f7f76d-be79-e511-9418-005056a0567e,jzifund3,
463bd08f-bf79-e511-9418-005056a0567e,captodayevergreen,
1ec25bc4-c079-e511-9418-005056a0567e,cdibasiapart,
9fa30ece-2999-e511-9418-005056a0567e,Valar Global III,
a20e6633-82a2-e511-9418-005056a0567e,GOGSO,
99d9fbdf-75a3-e511-9418-005056a0567e,dechengII,
4951ebac-0aa4-e511-9418-005056a0567e,EMR CoInvest,
ef8b3a7f-3dba-e511-9419-005056a0567e,Founders VI,
54c10da4-9abb-e511-9419-005056a0567e,AGCIO,
56c10da4-9abb-e511-9419-005056a0567e,CR China RE,
58c10da4-9abb-e511-9419-005056a0567e,KOR KSI China Beach,
5ac10da4-9abb-e511-9419-005056a0567e,NCH Agribusiness,
5cc10da4-9abb-e511-9419-005056a0567e,NCH NEPF II,
5ec10da4-9abb-e511-9419-005056a0567e,Paladin,
60c10da4-9abb-e511-9419-005056a0567e,Paladin Sponsor,
62c10da4-9abb-e511-9419-005056a0567e,Pragnya I,
64c10da4-9abb-e511-9419-005056a0567e,Pragnya II,
66c10da4-9abb-e511-9419-005056a0567e,Singerman RE Op,
68c10da4-9abb-e511-9419-005056a0567e,Singerman II,
6ac10da4-9abb-e511-9419-005056a0567e,Sitex V,
6cc10da4-9abb-e511-9419-005056a0567e,Sitex VII,
6ec10da4-9abb-e511-9419-005056a0567e,Sitex VIII,
70c10da4-9abb-e511-9419-005056a0567e,Waterton IX 2006,
72c10da4-9abb-e511-9419-005056a0567e,Waterton IX 2007,
74c10da4-9abb-e511-9419-005056a0567e,Waterton Tactical RE,
76c10da4-9abb-e511-9419-005056a0567e,Waterton Tactical Columbus,
78c10da4-9abb-e511-9419-005056a0567e,WHI RE II,
7ac10da4-9abb-e511-9419-005056a0567e,WHI RE III,
7cc10da4-9abb-e511-9419-005056a0567e,Seven Bridges Energy,
7ec10da4-9abb-e511-9419-005056a0567e,Ableco LLC - CL B,
80c10da4-9abb-e511-9419-005056a0567e,Blue Bay,
82c10da4-9abb-e511-9419-005056a0567e,Cerberus Partners LP,
84c10da4-9abb-e511-9419-005056a0567e,Cerberus Asia,
86c10da4-9abb-e511-9419-005056a0567e,TRG Growth,
88c10da4-9abb-e511-9419-005056a0567e,Coatue Hybrid I,
8ac10da4-9abb-e511-9419-005056a0567e,CrossCut2,
8cc10da4-9abb-e511-9419-005056a0567e,CrossCut3,
8ec10da4-9abb-e511-9419-005056a0567e,Fortress Credit Opps II,
90c10da4-9abb-e511-9419-005056a0567e,Great Point Partners I,
92c10da4-9abb-e511-9419-005056a0567e,Great Point Partners II,
94c10da4-9abb-e511-9419-005056a0567e,Kalysta Capital (Mauritius),
96c10da4-9abb-e511-9419-005056a0567e,Medica III,
98c10da4-9abb-e511-9419-005056a0567e,OCM Asia Principal Opp Fund,
9ac10da4-9abb-e511-9419-005056a0567e,OCM Opportunities Fund II,
9cc10da4-9abb-e511-9419-005056a0567e,PCA Growth Capital,
9ec10da4-9abb-e511-9419-005056a0567e,Plenus Viola,
a0c10da4-9abb-e511-9419-005056a0567e,Reservoir Capital,
a2c10da4-9abb-e511-9419-005056a0567e,Saybrook Corp Opp Fund,
a4c10da4-9abb-e511-9419-005056a0567e,Saybrook Corp Opp Fund II,
a6c10da4-9abb-e511-9419-005056a0567e,Saybrook Tax Ex Opp Fund III-A,
a8c10da4-9abb-e511-9419-005056a0567e,Saybrook Muni Opp Fund IV,
aac10da4-9abb-e511-9419-005056a0567e,Secondary Opp III,
acc10da4-9abb-e511-9419-005056a0567e,Siemer Ventures II,
aec10da4-9abb-e511-9419-005056a0567e,TF Cap Investor II,
b0c10da4-9abb-e511-9419-005056a0567e,Towerbrook Investors II,
b2c10da4-9abb-e511-9419-005056a0567e,TVV Capital,
b4c10da4-9abb-e511-9419-005056a0567e,Yet2Ventures,
b6c10da4-9abb-e511-9419-005056a0567e,Asia Acquisition Fund,
b8c10da4-9abb-e511-9419-005056a0567e,Flag Venture IV,
bac10da4-9abb-e511-9419-005056a0567e,Flag Venture VI,
bcc10da4-9abb-e511-9419-005056a0567e,Flag Venture VIII,
bec10da4-9abb-e511-9419-005056a0567e,Morgan Creek II,
c0c10da4-9abb-e511-9419-005056a0567e,Morgan Creek III,
c2c10da4-9abb-e511-9419-005056a0567e,Frontier Strategy,
c4c10da4-9abb-e511-9419-005056a0567e,Agro Nica,
c6c10da4-9abb-e511-9419-005056a0567e,Fir Tree Ironshore,
c8c10da4-9abb-e511-9419-005056a0567e,Tomashin Schools,
cac10da4-9abb-e511-9419-005056a0567e,Perilune III,
ccc10da4-9abb-e511-9419-005056a0567e,Perilune IV,
cec10da4-9abb-e511-9419-005056a0567e,Perilune V,
a9b31bc5-a4bb-e511-9419-005056a0567e,Upland Development III,
abb31bc5-a4bb-e511-9419-005056a0567e,Citi MID TRM,
f9b9afc8-bbbf-e511-9419-005056a0567e,AH Bio Fund I,
a6bfb7ee-2fc1-e511-9419-005056a0567e,New State,
85457dd3-30c1-e511-9419-005056a0567e,Arroyo Brandywine,
b268f78d-ddc9-e511-941a-005056a0567e,Acadia V,
7c61e739-3bda-e511-941a-005056a0567e,Pelham,
391cf8ee-e3db-e511-941a-005056a0567e,Kinderhook V,
15b97bcb-01e7-e511-941a-005056a0567e,EMR Fund II,
7a1925e7-f5e9-e511-941a-005056a0567e,Arroyo Energy,
3b2a2f0d-fae9-e511-941a-005056a0567e,Zhen IV,
4e1dde95-3dfb-e511-941b-005056a0567e,Oceanwood,
ceda0848-3efb-e511-941b-005056a0567e,TCS Global,
4ffa28f9-3efb-e511-941b-005056a0567e,Quinn Opportunities LP,
ee67969e-3ffb-e511-941b-005056a0567e,RTW Onshore A,
0c3401b5-41fb-e511-941b-005056a0567e,Asia Discovery,
16b42ed8-41fb-e511-941b-005056a0567e,Malabar,
3c130658-42fb-e511-941b-005056a0567e,Arisaig,
cb7d5c1d-46fb-e511-941b-005056a0567e,RTW Onshore,
a60560a5-47fb-e511-941b-005056a0567e,Brevan-B,
2de3a6ea-47fb-e511-941b-005056a0567e,Tiger Global,
41f684fd-47fb-e511-941b-005056a0567e,Exuma,
21e01323-48fb-e511-941b-005056a0567e,Nokota,
67397743-48fb-e511-941b-005056a0567e,Fir Tree Capital Opp Fund LP,
5318d966-48fb-e511-941b-005056a0567e,Pluscios,
521a6585-48fb-e511-941b-005056a0567e,CoatueQualified,
0b4f6fd1-06fd-e511-941b-005056a0567e,WHILB,
5e269bf9-06fd-e511-941b-005056a0567e,STSPartners,
630f4e81-07fd-e511-941b-005056a0567e,AbramsCapital,
0838f7bc-d2fd-e511-941b-005056a0567e,Bayswater Fund IIIA,
b8c11bd0-a901-e611-941b-005056a0567e,Harvest,
61d4452c-5203-e611-941b-005056a0567e,TALChinaB,
e40ac046-5203-e611-941b-005056a0567e,CumulusFeederA,
ec4b8a65-5203-e611-941b-005056a0567e,CitadelWellington,
54b26b7d-5203-e611-941b-005056a0567e,CitadelTactical,
b0088291-2916-e611-941b-005056a0567e,One Fin,
5886de13-2a16-e611-941b-005056a0567e,Maverick,
874de7a7-ba16-e611-941b-005056a0567e,Marathon Special Opportunity,
b29fa254-f833-e611-941b-005056a0567e,Dragon Billion B,
daa5dcc3-f036-e611-941b-005056a0567e,GRAS2017,
f0014d24-f136-e611-941b-005056a0567e,GPES2017,
8e707f91-f136-e611-941b-005056a0567e,China Venture II,
9f92e4d5-0537-e611-941b-005056a0567e,GPES 17 Cash,
aa91786e-655e-e611-941c-005056a0567e,Echo Street,
3d3480f2-2d6a-e611-941c-005056a0567e,PeakEquity I,
28ba6c3c-9476-e611-941c-005056a0567e,Cumulus,
04acab60-9576-e611-941c-005056a0567e,Hunting Hill,
699dde20-9676-e611-941c-005056a0567e,Hunting Hill Offshore,
db7e83b3-ff79-e611-941c-005056a0567e,TDR IV,
922b7c96-d08c-e611-941c-005056a0567e,Circle Road,
59b8a3e8-9590-e611-941c-005056a0567e,BCE Mesa,
723e0ece-a690-e611-941c-005056a0567e,Arbor IV,
c59f8ddd-ac97-e611-941c-005056a0567e,Tinicum II,
edb5ca35-b1a6-e611-941d-005056a0567e,CWC India,
7a663847-b4bc-e611-941e-005056a0567e,Pinkard Dulles Creek,
161cebab-b5bc-e611-941e-005056a0567e,Banyan III,
5ef2570a-bfdd-e611-9420-005056a0567e,AH V,
63529be7-03ef-e611-9420-005056a0567e,Kadensa,
b5ab4fb2-04ef-e611-9420-005056a0567e,Kadensa Offshore,
25928488-f2f2-e611-9420-005056a0567e,Pinkard Fund II,
af8309e1-4b03-e711-9421-005056a0567e,CD&R VII,
109f533d-4d03-e711-9421-005056a0567e,CD&R VIII,
6f61e0b3-6503-e711-9421-005056a0567e,CD&R IX,
da5acac8-2508-e711-9421-005056a0567e,Metalmark,
c49f4542-2808-e711-9421-005056a0567e,Metalmark II,
4a1cd01e-9809-e711-9421-005056a0567e,LaSalle France,
f1097d6a-940d-e711-9421-005056a0567e,I-BRIDGE,
c87939ae-c61b-e711-9422-005056a0567e,Holocene Offshore,
cf5a385c-c91b-e711-9422-005056a0567e,Holocene,
919150b8-f31e-e711-9422-005056a0567e,Covalis,
88f68c81-cc2a-e711-9422-005056a0567e,PBC Fund IV,
bd0f979c-cc2a-e711-9422-005056a0567e,PBC Midas,
f985f3d7-692f-e711-9422-005056a0567e,Kimmeridge Mineral Fund,
64b7be42-c931-e711-9422-005056a0567e,CD&R X,
0b7e9f00-9135-e711-9422-005056a0567e,Covalis Offshore,
b9668a94-9135-e711-9422-005056a0567e,Decca,
c97dad0e-9235-e711-9422-005056a0567e,Decca Offshore,
43aa1dac-9335-e711-9422-005056a0567e,GQG,
0a4be4e0-9335-e711-9422-005056a0567e,Cape Ann,
d2da3a70-7f4c-e711-9422-005056a0567e,Avoro,
2ce6c782-4958-e711-9422-005056a0567e,Charlesbank IX,
c0e31fd5-517c-e711-9424-005056a0567e,CrossCut4,
e4b122b6-387d-e711-9424-005056a0567e,Amber,
c4a2bfc7-467d-e711-9424-005056a0567e,BlueDrive,
64f42b7c-d47e-e711-9424-005056a0567e,BRV Aster II,
859964df-fb09-4f6f-949d-26ea59e123e7,Zeke,
1feae3b3-c699-4bbf-be79-ec9d9cac05e8,Harris Series,

